Reference,Confidence,Correct
28,0.3295454545454546,1
29,0.054545454545454564,1
44,0.0,0
54,0.054545454545454564,1
68,0.1808712121212121,0
71,0.5104166666666667,0
72,0.23541666666666666,0
76,0.0,0
79,0.3295454545454546,0
87,0.0,0
88,0.23541666666666666,0
93,0.5104166666666667,0
100,0.0,0
121,0.0,1
128,0.0,1
145,0.0,1
156,0.0,0
169,0.0,0
179,0.0,1
184,0.1808712121212121,1
187,0.5104166666666667,1
189,0.23541666666666666,1
204,0.1808712121212121,1
221,0.0,0
224,0.1808712121212121,1
245,0.0,0
261,0.0,1
281,0.0,0
283,0.23541666666666666,1
287,0.1808712121212121,0
293,0.5104166666666667,0
309,0.0,1
337,0.0,0
380,0.0,1
397,0.0,0
419,0.0,0
422,0.5104166666666667,0
425,0.1808712121212121,1
430,0.1808712121212121,0
436,0.1808712121212121,0
439,0.1808712121212121,0
456,0.1645833333333333,0
466,0.1645833333333333,0
470,0.3454545454545454,0
476,0.3454545454545454,0
477,0.09999999999999998,0
481,0.3454545454545454,0
483,0.3454545454545454,1
488,0.3454545454545454,0
492,0.3454545454545454,0
500,0.1645833333333333,0
509,0.1645833333333333,0
525,0.09999999999999998,0
527,0.3454545454545454,0
531,0.3454545454545454,0
558,0.09687499999999999,1
563,0.3454545454545454,0
564,0.09999999999999998,0
577,0.3454545454545454,0
592,0.0,0
597,0.3454545454545454,0
602,0.3454545454545454,0
609,0.1645833333333333,0
655,0.09590443686006828,0
657,0.4413589823146137,0
668,0.2604877701934016,0
671,0.4413589823146137,0
706,0.2604877701934016,0
745,0.2604877701934016,0
746,0.19277943686006827,0
757,0.09590443686006828,0
765,0.2604877701934016,0
766,0.19590443686006825,0
772,0.4413589823146137,0
776,0.4413589823146137,0
788,0.2604877701934016,0
799,0.09590443686006828,0
800,0.19277943686006827,0
802,0.4413589823146137,0
805,0.07273370515275118,0
811,0.4413589823146137,0
817,0.0012016724646905785,0
818,0.19590443686006825,0
820,0.0,0
822,0.4413589823146137,0
823,0.19277943686006827,0
866,0.0,0
867,0.19277943686006827,0
872,0.4413589823146137,0
885,0.09198286823261728,0
888,0.09198286823261728,0
889,0.09318454069730786,0
902,0.0,0
915,0.0,0
916,0.10079656862745098,0
924,0.0,0
931,0.09198286823261728,0
932,0.19277943686006827,0
934,0.09198286823261728,0
935,0.09198286823261728,0
945,0.0,0
946,0.09198286823261728,0
947,0.09198286823261728,0
948,0.19590443686006825,0
952,0.09198286823261728,0
962,0.09198286823261728,0
963,0.19277943686006827,0
967,0.0,0
974,0.0,0
978,0.0,0
980,0.3493761140819964,0
982,0.0,0
983,0.0,0
986,0.0,0
987,0.10392156862745097,0
988,0.0,0
992,0.0,0
996,0.0,0
998,0.09198286823261728,0
999,0.09198286823261728,0
1000,0.09198286823261728,1
1001,0.23899076846307385,1
1002,0.13819419983562287,0
1004,0.24857954545454541,0
1005,0.12317073170731707,0
1006,0.12317073170731707,1
1008,0.24211576846307384,0
1010,0.24857954545454541,1
1013,0.0,0
1018,0.0,0
1019,0.10079656862745098,0
1021,0.0,0
1022,0.10392156862745097,0
1026,0.0,0
1028,0.0192491630798661,0
1029,0.12317073170731707,0
1031,0.10079656862745098,0
1032,0.10079656862745098,0
1033,0.19277943686006827,0
1034,0.19590443686006825,0
1035,0.19590443686006825,1
1036,0.09198286823261728,0
1039,0.10079656862745098,0
1042,0.10079656862745098,0
1047,0.12004573170731708,1
1049,0.0192491630798661,0
1051,0.10079656862745098,0
1053,0.0192491630798661,1
1054,0.0192491630798661,0
1060,0.12004573170731708,0
1061,0.0192491630798661,0
1063,0.0192491630798661,0
1064,0.12004573170731708,0
1066,0.10079656862745098,0
1068,0.19277943686006827,0
1070,0.12004573170731708,0
1072,0.10079656862745098,0
1073,0.10079656862745098,1
1075,0.12004573170731708,0
1078,0.13819419983562287,0
1081,0.12004573170731708,0
1082,0.0192491630798661,0
1085,0.0,0
1089,0.12004573170731708,0
1090,0.12004573170731708,0
1092,0.10079656862745098,0
1094,0.0192491630798661,0
1095,0.12004573170731708,0
1097,0.0,0
1098,0.10079656862745098,0
1099,0.09198286823261728,0
1103,0.10079656862745098,0
1104,0.10079656862745098,0
1108,0.12004573170731708,0
1110,0.13819419983562287,0
1111,0.23899076846307385,0
1112,0.13819419983562287,1
1115,0.12004573170731708,0
1118,0.12004573170731708,0
1119,0.19277943686006827,0
1120,0.09198286823261728,0
1122,0.23899076846307385,0
1127,0.10079656862745098,0
1128,0.10079656862745098,0
1129,0.09198286823261728,0
1130,0.19277943686006827,0
1131,0.19277943686006827,0
1132,0.19277943686006827,0
1133,0.23899076846307385,0
1134,0.23899076846307385,0
1135,0.23899076846307385,1
1136,0.23899076846307385,0
1137,0.13819419983562287,1
1138,0.23899076846307385,0
1140,0.10079656862745098,0
1141,0.0,0
1142,0.10079656862745098,0
1145,0.12004573170731708,0
1146,0.0192491630798661,0
1147,0.19277943686006827,0
1148,0.23899076846307385,0
1149,0.23899076846307385,0
1152,0.10079656862745098,0
1153,0.10079656862745098,0
1154,0.19277943686006827,0
1156,0.19277943686006827,0
1157,0.19277943686006827,0
1158,0.23899076846307385,0
1162,0.23899076846307385,0
1163,0.23899076846307385,0
1165,0.12004573170731708,0
1166,0.12004573170731708,0
1167,0.19277943686006827,1
1169,0.12004573170731708,0
1173,0.10079656862745098,0
1174,0.10079656862745098,1
1175,0.19277943686006827,0
1178,0.0,0
1179,0.19277943686006827,1
1180,0.19277943686006827,0
1182,0.0192491630798661,0
1183,0.0192491630798661,0
1185,0.0192491630798661,0
1186,0.12004573170731708,0
1187,0.13819419983562287,0
1190,0.12004573170731708,0
1191,0.0192491630798661,0
1192,0.23899076846307385,0
1193,0.23899076846307385,0
1194,0.23899076846307385,0
1196,0.13819419983562287,1
1197,0.13819419983562287,0
1198,0.23899076846307385,0
1199,0.23899076846307385,0
1200,0.23899076846307385,0
1201,0.13819419983562287,0
1206,0.10079656862745098,0
1209,0.0192491630798661,0
1211,0.12004573170731708,0
1213,0.12004573170731708,0
1214,0.12004573170731708,0
1215,0.09198286823261728,0
1216,0.09198286823261728,0
1217,0.23899076846307385,0
1218,0.13819419983562287,0
1223,0.12004573170731708,0
1225,0.12004573170731708,0
1227,0.10079656862745098,0
1228,0.10079656862745098,0
1230,0.10079656862745098,0
1232,0.0192491630798661,0
1234,0.19277943686006827,0
1237,0.0192491630798661,0
1238,0.12004573170731708,1
1239,0.09198286823261728,0
1241,0.10079656862745098,0
1242,0.0,0
1243,0.0,0
1246,0.0,0
1247,0.10079656862745098,0
1248,0.19277943686006827,0
1249,0.09198286823261728,0
1250,0.19277943686006827,0
1253,0.0192491630798661,0
1254,0.12004573170731708,0
1256,0.12004573170731708,0
1258,0.12004573170731708,0
1261,0.10079656862745098,0
1262,0.0192491630798661,0
1264,0.19277943686006827,0
1267,0.12004573170731708,0
1270,0.0,0
1271,0.0192491630798661,0
1272,0.19277943686006827,0
1273,0.19277943686006827,1
1276,0.0,0
1278,0.0,0
1282,0.0192491630798661,0
1283,0.19277943686006827,0
1284,0.19277943686006827,1
1285,0.09198286823261728,0
1286,0.19277943686006827,1
1290,0.12004573170731708,0
1292,0.0192491630798661,0
1295,0.10079656862745098,0
1299,0.12004573170731708,0
1301,0.09198286823261728,0
1302,0.09198286823261728,0
1303,0.09198286823261728,0
1304,0.19277943686006827,0
1309,0.12004573170731708,0
1312,0.12004573170731708,0
1313,0.0192491630798661,0
1315,0.12004573170731708,0
1316,0.0192491630798661,0
1318,0.19277943686006827,0
1319,0.19277943686006827,0
1323,0.09198286823261728,0
1324,0.19277943686006827,0
1325,0.19277943686006827,0
1326,0.09198286823261728,0
1329,0.12004573170731708,0
1330,0.12004573170731708,1
1331,0.09198286823261728,0
1332,0.19277943686006827,0
1334,0.10079656862745098,0
1335,0.0,1
1336,0.10079656862745098,1
1337,0.10079656862745098,0
1339,0.12004573170731708,0
1340,0.12004573170731708,0
1341,0.09198286823261728,0
1342,0.09198286823261728,0
1343,0.19277943686006827,0
1344,0.19277943686006827,0
1346,0.10079656862745098,0
1347,0.10079656862745098,0
1348,0.19277943686006827,0
1350,0.19277943686006827,0
1351,0.09198286823261728,0
1352,0.045009659138315006,0
1353,0.23899076846307385,0
1354,0.13819419983562287,0
1358,0.0192491630798661,0
1359,0.12004573170731708,0
1361,0.12004573170731708,0
1362,0.0192491630798661,0
1366,0.0192491630798661,0
1369,0.0192491630798661,0
1370,0.12004573170731708,0
1371,0.19277943686006827,0
1375,0.12004573170731708,0
1376,0.12004573170731708,0
1377,0.19277943686006827,0
1378,0.19277943686006827,0
1380,0.0192491630798661,0
1383,0.12004573170731708,0
1384,0.0192491630798661,0
1387,0.12004573170731708,0
1391,0.12004573170731708,1
1397,0.10079656862745098,0
1399,0.0,0
1403,0.12004573170731708,0
1404,0.19277943686006827,0
1406,0.19277943686006827,0
1407,0.19277943686006827,0
1410,0.23899076846307385,0
1411,0.13819419983562287,0
1412,0.045009659138315006,0
1414,0.12004573170731708,0
1415,0.0192491630798661,0
1417,0.19277943686006827,1
1421,0.10079656862745098,0
1425,0.0,0
1427,0.19277943686006827,1
1428,0.19277943686006827,0
1429,0.09198286823261728,1
1430,0.23899076846307385,0
1431,0.045009659138315006,1
1434,0.10079656862745098,0
1435,0.10079656862745098,0
1437,0.12004573170731708,0
1438,0.12004573170731708,0
1439,0.09198286823261728,1
1441,0.09198286823261728,0
1447,0.0192491630798661,0
1450,0.19277943686006827,0
1452,0.07393537761744176,0
1453,0.19398110932475884,0
1455,0.12004573170731708,0
1457,0.0192491630798661,0
1458,0.0192491630798661,0
1461,0.10079656862745098,0
1465,0.0,0
1467,0.10079656862745098,0
1468,0.12004573170731708,0
1469,0.09198286823261728,0
1471,0.07273370515275118,0
1473,0.0192491630798661,0
1474,0.0192491630798661,1
1477,0.0,0
1480,0.10079656862745098,0
1481,0.0,0
1483,0.0192491630798661,1
1486,0.10079656862745098,0
1488,0.0,0
1489,0.09198286823261728,0
1490,0.0,0
1492,0.07273370515275118,0
1493,0.19277943686006827,1
1494,0.09198286823261728,0
1495,0.19277943686006827,0
1496,0.19277943686006827,0
1499,0.12004573170731708,0
1500,0.19277943686006827,0
1501,0.19277943686006827,0
1503,0.10079656862745098,1
1504,0.10079656862745098,0
1505,0.09198286823261728,1
1506,0.19277943686006827,1
1508,0.10079656862745098,1
1509,0.10079656862745098,1
1512,0.07273370515275118,0
1513,0.19277943686006827,0
1514,0.19398110932475884,0
1516,0.12004573170731708,1
1518,0.09198286823261728,0
1520,0.07273370515275118,0
1525,0.0192491630798661,1
1526,0.19277943686006827,0
1529,0.10079656862745098,0
1531,0.0192491630798661,0
1534,0.12004573170731708,1
1535,0.0192491630798661,0
1536,0.09198286823261728,0
1538,0.10079656862745098,0
1544,0.0,0
1545,0.19398110932475884,1
1546,0.09198286823261728,0
1547,0.19277943686006827,1
1548,0.09198286823261728,0
1549,0.0012016724646905785,0
1554,0.10079656862745098,0
1555,0.09198286823261728,0
1557,0.19277943686006827,0
1560,0.07393537761744176,0
1561,0.19398110932475884,0
1562,0.09318454069730786,0
1563,0.19277943686006827,0
1565,0.12004573170731708,0
1568,0.10079656862745098,0
1569,0.09318454069730786,0
1570,0.19398110932475884,0
1574,0.09318454069730786,0
1576,0.0,0
1578,0.19277943686006827,0
1580,0.09198286823261728,0
1582,0.07393537761744176,0
1583,0.09318454069730786,0
1585,0.07273370515275118,1
1586,0.19277943686006827,0
1587,0.19277943686006827,1
1588,0.09198286823261728,0
1589,0.09198286823261728,0
1590,0.09198286823261728,0
1591,0.19277943686006827,0
1593,0.09318454069730786,0
1596,0.0192491630798661,0
1600,0.0192491630798661,0
1601,0.12004573170731708,0
1602,0.09198286823261728,0
1604,0.09198286823261728,0
1605,0.09198286823261728,0
1606,0.23899076846307385,0
1608,0.07393537761744176,0
1611,0.07393537761744176,0
1612,0.19398110932475884,0
1617,0.10079656862745098,0
1618,0.0,0
1620,0.10079656862745098,0
1628,0.07273370515275118,0
1629,0.19277943686006827,0
1632,0.0192491630798661,0
1634,0.07273370515275118,0
1636,0.19277943686006827,0
1638,0.19277943686006827,0
1643,0.0,0
1644,0.19277943686006827,0
1646,0.09198286823261728,0
1647,0.19277943686006827,0
1650,0.07393537761744176,0
1651,0.19398110932475884,0
1653,0.10079656862745098,0
1654,0.09198286823261728,0
1655,0.09198286823261728,0
1656,0.19277943686006827,0
1658,0.09318454069730786,0
1661,0.07273370515275118,0
1665,0.0012016724646905785,0
1667,0.07273370515275118,0
1668,0.19277943686006827,0
1671,0.0,0
1672,0.19277943686006827,0
1674,0.09198286823261728,0
1676,0.07393537761744176,0
1677,0.09318454069730786,0
1678,0.19398110932475884,0
1680,0.0,0
1681,0.10079656862745098,0
1682,0.19277943686006827,0
1683,0.0012016724646905785,0
1686,0.07273370515275118,0
1689,0.09198286823261728,0
1690,0.09198286823261728,0
1692,0.09198286823261728,0
1693,0.09198286823261728,0
1696,0.07273370515275118,0
1700,0.0012016724646905785,0
1702,0.07273370515275118,0
1704,0.09198286823261728,0
1706,0.19277943686006827,0
1707,0.09198286823261728,0
1708,0.0,0
1709,0.19277943686006827,0
1710,0.09198286823261728,0
1711,0.0012016724646905785,0
1713,0.09318454069730786,0
1715,0.09318454069730786,0
1716,0.0012016724646905785,0
1717,0.09318454069730786,0
1718,0.19277943686006827,0
1724,0.09198286823261728,0
1729,0.0,0
1730,0.09318454069730786,0
1731,0.09198286823261728,0
1733,0.09198286823261728,0
1734,0.09198286823261728,0
1735,0.0012016724646905785,0
1737,0.0012016724646905785,0
1739,0.07273370515275118,0
1740,0.09198286823261728,0
1741,0.0012016724646905785,0
1742,0.09198286823261728,0
1744,0.09198286823261728,0
1745,0.09198286823261728,0
1747,0.09198286823261728,0
1748,0.09198286823261728,0
1749,0.19277943686006827,0
1751,0.09318454069730786,0
1752,0.09318454069730786,0
1753,0.09318454069730786,0
1765,0.0,0
1768,0.09198286823261728,0
1769,0.0,0
1772,0.0,0
1777,0.09198286823261728,0
1779,0.0,0
1780,0.0,0
1781,0.09318454069730786,0
1783,0.09198286823261728,0
1784,0.0012016724646905785,0
1787,0.09198286823261728,0
1793,0.07273370515275118,0
1794,0.0012016724646905785,0
1797,0.09198286823261728,0
1798,0.09198286823261728,0
1800,0.07273370515275118,0
1802,0.0012016724646905785,0
1804,0.07273370515275118,1
1805,0.0,0
1806,0.09198286823261728,0
1807,0.0,0
1808,0.09198286823261728,0
1809,0.0012016724646905785,0
1810,0.0012016724646905785,0
1816,0.09198286823261728,0
1817,0.0,0
1818,0.0,1
1819,0.09318454069730786,0
1823,0.0,0
1825,0.09198286823261728,0
1826,0.0,0
1833,0.19398110932475884,0
1834,0.0,0
1836,0.0,0
1845,0.09198286823261728,0
1847,0.0192491630798661,0
1848,0.0192491630798661,0
1851,0.09198286823261728,0
1852,0.09198286823261728,0
1853,0.0012016724646905785,0
1854,0.09198286823261728,0
1856,0.09198286823261728,0
1857,0.09198286823261728,0
1859,0.09198286823261728,0
1860,0.09198286823261728,0
1863,0.09318454069730786,0
1866,0.09198286823261728,0
1868,0.0,0
1869,0.0,0
1872,0.09198286823261728,0
1874,0.0,1
1876,0.0,1
1877,0.09198286823261728,1
1879,0.09198286823261728,0
1883,0.0012016724646905785,0
1885,0.0012016724646905785,0
1886,0.09198286823261728,0
1889,0.09198286823261728,0
1892,0.09198286823261728,0
1893,0.0,0
1894,0.09198286823261728,0
1896,0.09198286823261728,0
1897,0.0012016724646905785,0
1898,0.09318454069730786,0
1899,0.0012016724646905785,0
1902,0.0,0
1903,0.09198286823261728,0
1904,0.09198286823261728,0
1905,0.09198286823261728,0
1906,0.0012016724646905785,1
1907,0.09318454069730786,0
1908,0.19398110932475884,0
1909,0.09198286823261728,0
1912,0.09318454069730786,1
1919,0.0012016724646905785,1
1921,0.10079656862745098,0
1923,0.09198286823261728,0
1927,0.0012016724646905785,0
1928,0.19398110932475884,1
1929,0.09198286823261728,0
1931,0.0,0
1934,0.09198286823261728,0
1935,0.0,1
1938,0.0,0
1940,0.0,0
1942,0.0,0
1945,0.09198286823261728,1
1950,0.0012016724646905785,0
1953,0.0,0
1956,0.09198286823261728,0
1958,0.09198286823261728,1
1959,0.0,1
1961,0.09198286823261728,1
1962,0.0,0
1963,0.09198286823261728,1
1964,0.0,0
1965,0.19277943686006827,0
1966,0.0012016724646905785,0
1969,0.0,0
1971,0.0012016724646905785,0
1974,0.07273370515275118,0
1975,0.0,1
1979,0.0,0
1980,0.09198286823261728,0
1981,0.0,1
1985,0.09198286823261728,0
1992,0.0,0
1996,0.09198286823261728,0
1997,0.0,1
